{
    "sun397": {
        "model_info": {
            "trainable_params": 87456000,
            "all_params": 87456000,
            "trainable_percentage": 1.0
        },
        "sun397": {
            "accuracy": 0.7393450736999512,
            "loss": 0.8737889528274536
        },
        "stanford-cars": {
            "accuracy": 0.5777888298034668,
            "loss": 1.2868818044662476
        },
        "resisc45": {
            "accuracy": 0.6065079569816589,
            "loss": 1.3039352893829346
        },
        "eurosat": {
            "accuracy": 0.5048148036003113,
            "loss": 1.422002911567688
        },
        "svhn": {
            "accuracy": 0.3318607807159424,
            "loss": 1.989833950996399
        },
        "gtsrb": {
            "accuracy": 0.32478225231170654,
            "loss": 2.2888450622558594
        },
        "mnist": {
            "accuracy": 0.521399974822998,
            "loss": 1.7738635540008545
        },
        "dtd": {
            "accuracy": 0.4409574568271637,
            "loss": 2.049225330352783
        },
        "average": {
            "accuracy": 0.5059321410953999,
            "loss": 1.6235471069812775
        }
    },
    "stanford-cars": {
        "model_info": {
            "trainable_params": 87456000,
            "all_params": 87456000,
            "trainable_percentage": 1.0
        },
        "sun397": {
            "accuracy": 0.6277077794075012,
            "loss": 1.309893250465393
        },
        "stanford-cars": {
            "accuracy": 0.766944408416748,
            "loss": 0.7223833799362183
        },
        "resisc45": {
            "accuracy": 0.5947619080543518,
            "loss": 1.354494333267212
        },
        "eurosat": {
            "accuracy": 0.4981481432914734,
            "loss": 1.4452710151672363
        },
        "svhn": {
            "accuracy": 0.3793792128562927,
            "loss": 1.9391775131225586
        },
        "gtsrb": {
            "accuracy": 0.32161518931388855,
            "loss": 2.30937123298645
        },
        "mnist": {
            "accuracy": 0.5278000235557556,
            "loss": 1.712592601776123
        },
        "dtd": {
            "accuracy": 0.42819148302078247,
            "loss": 2.06756591796875
        },
        "average": {
            "accuracy": 0.5180685184895992,
            "loss": 1.6075936555862427
        }
    },
    "resisc45": {
        "model_info": {
            "trainable_params": 87456000,
            "all_params": 87456000,
            "trainable_percentage": 1.0
        },
        "sun397": {
            "accuracy": 0.6259949803352356,
            "loss": 1.3091745376586914
        },
        "stanford-cars": {
            "accuracy": 0.579281210899353,
            "loss": 1.2948777675628662
        },
        "resisc45": {
            "accuracy": 0.9306349158287048,
            "loss": 0.22344842553138733
        },
        "eurosat": {
            "accuracy": 0.6151852011680603,
            "loss": 1.1317006349563599
        },
        "svhn": {
            "accuracy": 0.3679317831993103,
            "loss": 1.9512256383895874
        },
        "gtsrb": {
            "accuracy": 0.3106888234615326,
            "loss": 2.325796365737915
        },
        "mnist": {
            "accuracy": 0.5313000082969666,
            "loss": 1.6826683282852173
        },
        "dtd": {
            "accuracy": 0.41808509826660156,
            "loss": 2.0933761596679688
        },
        "average": {
            "accuracy": 0.5473877526819706,
            "loss": 1.5015334822237492
        }
    },
    "eurosat": {
        "model_info": {
            "trainable_params": 87456000,
            "all_params": 87456000,
            "trainable_percentage": 1.0
        },
        "sun397": {
            "accuracy": 0.6279093027114868,
            "loss": 1.3074830770492554
        },
        "stanford-cars": {
            "accuracy": 0.5646063685417175,
            "loss": 1.336629033088684
        },
        "resisc45": {
            "accuracy": 0.565079391002655,
            "loss": 1.4737094640731812
        },
        "eurosat": {
            "accuracy": 0.9800000190734863,
            "loss": 0.0662570670247078
        },
        "svhn": {
            "accuracy": 0.33109250664711,
            "loss": 2.005434036254883
        },
        "gtsrb": {
            "accuracy": 0.3171021342277527,
            "loss": 2.327939987182617
        },
        "mnist": {
            "accuracy": 0.5339000225067139,
            "loss": 1.7331209182739258
        },
        "dtd": {
            "accuracy": 0.42500001192092896,
            "loss": 2.0711052417755127
        },
        "average": {
            "accuracy": 0.5430862195789814,
            "loss": 1.5402098530903459
        }
    },
    "svhn": {
        "model_info": {
            "trainable_params": 87456000,
            "all_params": 87456000,
            "trainable_percentage": 1.0
        },
        "sun397": {
            "accuracy": 0.62261962890625,
            "loss": 1.3187284469604492
        },
        "stanford-cars": {
            "accuracy": 0.5718194246292114,
            "loss": 1.3408757448196411
        },
        "resisc45": {
            "accuracy": 0.584761917591095,
            "loss": 1.4106419086456299
        },
        "eurosat": {
            "accuracy": 0.3996296226978302,
            "loss": 1.5947624444961548
        },
        "svhn": {
            "accuracy": 0.9383835196495056,
            "loss": 0.3181983232498169
        },
        "gtsrb": {
            "accuracy": 0.33064132928848267,
            "loss": 2.1827337741851807
        },
        "mnist": {
            "accuracy": 0.7818999886512756,
            "loss": 0.9393559694290161
        },
        "dtd": {
            "accuracy": 0.41861701011657715,
            "loss": 2.104055881500244
        },
        "average": {
            "accuracy": 0.5810465551912785,
            "loss": 1.4011690616607666
        }
    },
    "gtsrb": {
        "model_info": {
            "trainable_params": 87456000,
            "all_params": 87456000,
            "trainable_percentage": 1.0
        },
        "sun397": {
            "accuracy": 0.6206045150756836,
            "loss": 1.3325704336166382
        },
        "stanford-cars": {
            "accuracy": 0.5670936703681946,
            "loss": 1.3200788497924805
        },
        "resisc45": {
            "accuracy": 0.5919047594070435,
            "loss": 1.3929046392440796
        },
        "eurosat": {
            "accuracy": 0.5148147940635681,
            "loss": 1.4141219854354858
        },
        "svhn": {
            "accuracy": 0.46312230825424194,
            "loss": 1.7191603183746338
        },
        "gtsrb": {
            "accuracy": 0.9621536135673523,
            "loss": 0.17795208096504211
        },
        "mnist": {
            "accuracy": 0.48750001192092896,
            "loss": 1.604108452796936
        },
        "dtd": {
            "accuracy": 0.4058510661125183,
            "loss": 2.1035101413726807
        },
        "average": {
            "accuracy": 0.5766305923461914,
            "loss": 1.383050862699747
        }
    },
    "mnist": {
        "model_info": {
            "trainable_params": 87456000,
            "all_params": 87456000,
            "trainable_percentage": 1.0
        },
        "sun397": {
            "accuracy": 0.6293199062347412,
            "loss": 1.3091540336608887
        },
        "stanford-cars": {
            "accuracy": 0.5782862901687622,
            "loss": 1.3015234470367432
        },
        "resisc45": {
            "accuracy": 0.597777783870697,
            "loss": 1.3605526685714722
        },
        "eurosat": {
            "accuracy": 0.5351851582527161,
            "loss": 1.3606644868850708
        },
        "svhn": {
            "accuracy": 0.48697757720947266,
            "loss": 1.5128169059753418
        },