{"model_info": {"trainable_params": 593668, "all_params": 313069828, "trainable_percentage": 0.001896279829303768}, "stanford_cars": {"accuracy": 0.8394478559494019, "loss": 0.5569233894348145}, "eurosat": {"accuracy": 0.8292592763900757, "loss": 1.328254222869873}, "resisc45": {"accuracy": 0.9517460465431213, "loss": 0.18935973942279816}, "gtsrb": {"accuracy": 0.9814726710319519, "loss": 0.08543400466442108}, "average_accuracy": 0.9004814624786377}