{"model_info": {"trainable_params": 593668, "all_params": 313069828, "trainable_percentage": 0.001896279829303768}, "stanford_cars": {"accuracy": 0.8334784507751465, "loss": 0.5707889795303345}, "eurosat": {"accuracy": 0.20999999344348907, "loss": 9.435474395751953}, "resisc45": {"accuracy": 0.9387301802635193, "loss": 0.23496438562870026}, "gtsrb": {"accuracy": 0.8748218417167664, "loss": 0.6283334493637085}, "average_accuracy": 0.7142576165497303}