{"model_info": {"trainable_params": 593668, "all_params": 313069828, "trainable_percentage": 0.001896279829303768}, "stanford_cars": {"accuracy": 0.005471956450492144, "loss": 18.68149757385254}, "eurosat": {"accuracy": 0.22074073553085327, "loss": 8.556249618530273}, "resisc45": {"accuracy": 0.023174602538347244, "loss": 12.93579387664795}, "gtsrb": {"accuracy": 0.9670625329017639, "loss": 0.13918863236904144}, "average_accuracy": 0.30411245685536414}