{"model_info": {"trainable_params": 593668, "all_params": 313069828, "trainable_percentage": 0.001896279829303768}, "stanford_cars": {"accuracy": 0.8481532335281372, "loss": 0.511863648891449}, "eurosat": {"accuracy": 0.8114814758300781, "loss": 1.695712685585022}, "resisc45": {"accuracy": 0.9544444680213928, "loss": 0.16993455588817596}, "gtsrb": {"accuracy": 0.94608074426651, "loss": 0.24156765639781952}, "average_accuracy": 0.8900399804115295}