{"model_info": {"trainable_params": 593668, "all_params": 313069828, "trainable_percentage": 0.001896279829303768}, "stanford_cars": {"accuracy": 0.8084815144538879, "loss": 0.6886410117149353}, "eurosat": {"accuracy": 0.4914814829826355, "loss": 4.444824695587158}, "resisc45": {"accuracy": 0.9249206185340881, "loss": 0.3057216703891754}, "gtsrb": {"accuracy": 0.9614410400390625, "loss": 0.15947802364826202}, "average_accuracy": 0.7965811640024185}