{"model_info": {"trainable_params": 593668, "all_params": 313069828, "trainable_percentage": 0.001896279829303768}, "stanford_cars": {"accuracy": 0.8202959895133972, "loss": 0.6210387945175171}, "eurosat": {"accuracy": 0.5825926065444946, "loss": 3.924121141433716}, "resisc45": {"accuracy": 0.9368253946304321, "loss": 0.25648483633995056}, "gtsrb": {"accuracy": 0.9732383489608765, "loss": 0.11301664263010025}, "average_accuracy": 0.8282380849123001}