{"model_info": {"trainable_params": 593668, "all_params": 313069828, "trainable_percentage": 0.001896279829303768}, "stanford_cars": {"accuracy": 0.8543713688850403, "loss": 0.4866085648536682}, "eurosat": {"accuracy": 0.9862962961196899, "loss": 0.047907356172800064}, "resisc45": {"accuracy": 0.9560317397117615, "loss": 0.16534075140953064}, "gtsrb": {"accuracy": 0.9908155202865601, "loss": 0.04280499368906021}, "average_accuracy": 0.9468787312507629}