{"model_info": {"trainable_params": 593668, "all_params": 313069828, "trainable_percentage": 0.001896279829303768}, "stanford_cars": {"accuracy": 0.8410645723342896, "loss": 0.5308433175086975}, "eurosat": {"accuracy": 0.7562962770462036, "loss": 2.603210687637329}, "resisc45": {"accuracy": 0.9452381134033203, "loss": 0.20536328852176666}, "gtsrb": {"accuracy": 0.9880443215370178, "loss": 0.052512411028146744}, "average_accuracy": 0.8826608210802078}