{"model_info": {"trainable_params": 596744, "all_params": 539749640, "trainable_percentage": 0.0011055940676495866}, "sun397": {"accuracy": 0.7759697437286377, "loss": 0.86648029088974}, "stanford_cars": {"accuracy": 0.8428056240081787, "loss": 0.5127785801887512}, "resisc45": {"accuracy": 0.9487301707267761, "loss": 0.1921040266752243}, "eurosat": {"accuracy": 0.979629635810852, "loss": 0.07700639963150024}, "svhn": {"accuracy": 0.9727258682250977, "loss": 0.1279064118862152}, "gtsrb": {"accuracy": 0.9874901175498962, "loss": 0.05986488610506058}, "mnist": {"accuracy": 0.9955999851226807, "loss": 0.0315520279109478}, "dtd": {"accuracy": 0.813829779624939, "loss": 0.903706967830658}, "average_accuracy": 0.9145976155996323}