{"model_info": {"trainable_params": 596744, "all_params": 539749640, "trainable_percentage": 0.0011055940676495866}, "sun397": {"accuracy": 0.7769269347190857, "loss": 0.8738486766815186}, "stanford_cars": {"accuracy": 0.8530033826828003, "loss": 0.5022958517074585}, "resisc45": {"accuracy": 0.9479365348815918, "loss": 0.21457330882549286}, "eurosat": {"accuracy": 0.984074056148529, "loss": 0.057672467082738876}, "svhn": {"accuracy": 0.9728795289993286, "loss": 0.12455575913190842}, "gtsrb": {"accuracy": 0.9900237321853638, "loss": 0.0510636642575264}, "mnist": {"accuracy": 0.9962000250816345, "loss": 0.02618533931672573}, "dtd": {"accuracy": 0.8159574270248413, "loss": 0.9260426759719849}, "average_accuracy": 0.9171252027153969}