{"model_info": {"trainable_params": 596744, "all_params": 539749640, "trainable_percentage": 0.0011055940676495866}, "sun397": {"accuracy": 0.7741057872772217, "loss": 0.8807826638221741}, "stanford_cars": {"accuracy": 0.8544957041740417, "loss": 0.4919050335884094}, "resisc45": {"accuracy": 0.949999988079071, "loss": 0.1921185702085495}, "eurosat": {"accuracy": 0.9844444394111633, "loss": 0.058635737746953964}, "svhn": {"accuracy": 0.9719575643539429, "loss": 0.1278986632823944}, "gtsrb": {"accuracy": 0.989944577217102, "loss": 0.05488478019833565}, "mnist": {"accuracy": 0.9965000152587891, "loss": 0.02430538833141327}, "dtd": {"accuracy": 0.8117021322250366, "loss": 0.9796426892280579}, "average_accuracy": 0.916643775999546}