{"model_info": {"trainable_params": 596744, "all_params": 539749640, "trainable_percentage": 0.0011055940676495866}, "sun397": {"accuracy": 0.763828694820404, "loss": 0.8705853819847107}, "stanford_cars": {"accuracy": 0.8079840540885925, "loss": 0.5908846259117126}, "resisc45": {"accuracy": 0.9428571462631226, "loss": 0.1902090162038803}, "eurosat": {"accuracy": 0.9562963247299194, "loss": 0.16947679221630096}, "svhn": {"accuracy": 0.9653119444847107, "loss": 0.15461570024490356}, "gtsrb": {"accuracy": 0.9810767769813538, "loss": 0.08383908122777939}, "mnist": {"accuracy": 0.9923999905586243, "loss": 0.04835491627454758}, "dtd": {"accuracy": 0.7989361882209778, "loss": 0.8318999409675598}, "average_accuracy": 0.9010863900184631}