{"model_info": {"trainable_params": 596744, "all_params": 539749640, "trainable_percentage": 0.0011055940676495866}, "sun397": {"accuracy": 0.7730478644371033, "loss": 0.8914543986320496}, "stanford_cars": {"accuracy": 0.8503917455673218, "loss": 0.5100223422050476}, "resisc45": {"accuracy": 0.9484127163887024, "loss": 0.20719586312770844}, "eurosat": {"accuracy": 0.9859259128570557, "loss": 0.0562293641269207}, "svhn": {"accuracy": 0.973417341709137, "loss": 0.1239197850227356}, "gtsrb": {"accuracy": 0.989944577217102, "loss": 0.054691411554813385}, "mnist": {"accuracy": 0.9965999722480774, "loss": 0.02318272925913334}, "dtd": {"accuracy": 0.8101063966751099, "loss": 0.9618936777114868}, "average_accuracy": 0.9159808158874512}