{"model_info": {"trainable_params": 596744, "all_params": 539749640, "trainable_percentage": 0.0011055940676495866}, "sun397": {"accuracy": 0.7770780920982361, "loss": 0.8729124665260315}, "stanford_cars": {"accuracy": 0.8506404757499695, "loss": 0.5040737390518188}, "resisc45": {"accuracy": 0.949999988079071, "loss": 0.1972196400165558}, "eurosat": {"accuracy": 0.9825925827026367, "loss": 0.06846724450588226}, "svhn": {"accuracy": 0.9726106524467468, "loss": 0.12664692103862762}, "gtsrb": {"accuracy": 0.989073634147644, "loss": 0.05773426219820976}, "mnist": {"accuracy": 0.9958999752998352, "loss": 0.028275461867451668}, "dtd": {"accuracy": 0.8143616914749146, "loss": 0.9336938858032227}, "average_accuracy": 0.9165321364998817}