{"model_info": {"trainable_params": 596744, "all_params": 539749640, "trainable_percentage": 0.0011055940676495866}, "sun397": {"accuracy": 0.6850377917289734, "loss": 1.090406894683838}, "stanford_cars": {"accuracy": 0.6904613971710205, "loss": 0.8632855415344238}, "resisc45": {"accuracy": 0.75, "loss": 0.7619218230247498}, "eurosat": {"accuracy": 0.8162962794303894, "loss": 0.6425475478172302}, "svhn": {"accuracy": 0.7414336204528809, "loss": 0.9686121940612793}, "gtsrb": {"accuracy": 0.5822644233703613, "loss": 1.428303837776184}, "mnist": {"accuracy": 0.9120000004768372, "loss": 0.536537766456604}, "dtd": {"accuracy": 0.5079787373542786, "loss": 1.7579610347747803}, "average_accuracy": 0.7106840312480927}