{"model_info": {"trainable_params": 596744, "all_params": 539749640, "trainable_percentage": 0.0011055940676495866}, "sun397": {"accuracy": 0.7710831165313721, "loss": 0.8876180648803711}, "stanford_cars": {"accuracy": 0.8538739085197449, "loss": 0.4969112277030945}, "resisc45": {"accuracy": 0.9496825337409973, "loss": 0.19165734946727753}, "eurosat": {"accuracy": 0.9851852059364319, "loss": 0.06128179281949997}, "svhn": {"accuracy": 0.971996009349823, "loss": 0.13158008456230164}, "gtsrb": {"accuracy": 0.9905779957771301, "loss": 0.05085577443242073}, "mnist": {"accuracy": 0.9968000054359436, "loss": 0.023872407153248787}, "dtd": {"accuracy": 0.8164893388748169, "loss": 0.9548418521881104}, "average_accuracy": 0.9169610142707825}