{"model_info": {"trainable_params": 596744, "all_params": 539749640, "trainable_percentage": 0.0011055940676495866}, "sun397": {"accuracy": 0.7145591974258423, "loss": 1.017661452293396}, "stanford_cars": {"accuracy": 0.7163287997245789, "loss": 0.8178809285163879}, "resisc45": {"accuracy": 0.8982539772987366, "loss": 0.3227510452270508}, "eurosat": {"accuracy": 0.9314814805984497, "loss": 0.22022706270217896}, "svhn": {"accuracy": 0.9309695959091187, "loss": 0.2915665805339813}, "gtsrb": {"accuracy": 0.9076009392738342, "loss": 0.37413063645362854}, "mnist": {"accuracy": 0.9868999719619751, "loss": 0.08841131627559662}, "dtd": {"accuracy": 0.46329787373542786, "loss": 2.225428581237793}, "average_accuracy": 0.8186739794909954}