{"model_info": {"trainable_params": 596744, "all_params": 539749640, "trainable_percentage": 0.0011055940676495866}, "sun397": {"accuracy": 0.7749118208885193, "loss": 0.870883047580719}, "stanford_cars": {"accuracy": 0.8567342162132263, "loss": 0.4811052083969116}, "resisc45": {"accuracy": 0.948888897895813, "loss": 0.19265680015087128}, "eurosat": {"accuracy": 0.9837037324905396, "loss": 0.05846957862377167}, "svhn": {"accuracy": 0.9734941720962524, "loss": 0.1243332251906395}, "gtsrb": {"accuracy": 0.9901029467582703, "loss": 0.04971533268690109}, "mnist": {"accuracy": 0.996399998664856, "loss": 0.025125278159976006}, "dtd": {"accuracy": 0.8106383085250854, "loss": 1.0077426433563232}, "average_accuracy": 0.9168592616915703}