{"model_info": {"trainable_params": 596744, "all_params": 539749640, "trainable_percentage": 0.0011055940676495866}, "sun397": {"accuracy": 0.7743073105812073, "loss": 0.874358057975769}, "stanford_cars": {"accuracy": 0.8501430153846741, "loss": 0.5132501721382141}, "resisc45": {"accuracy": 0.9474602937698364, "loss": 0.20080775022506714}, "eurosat": {"accuracy": 0.9848148226737976, "loss": 0.05498509109020233}, "svhn": {"accuracy": 0.9721112251281738, "loss": 0.12824581563472748}, "gtsrb": {"accuracy": 0.9883610606193542, "loss": 0.05843450501561165}, "mnist": {"accuracy": 0.9965999722480774, "loss": 0.023770969361066818}, "dtd": {"accuracy": 0.8021276593208313, "loss": 1.0255119800567627}, "average_accuracy": 0.914490669965744}