{"model_info": {"trainable_params": 596744, "all_params": 539749640, "trainable_percentage": 0.0011055940676495866}, "sun397": {"accuracy": 0.7703778147697449, "loss": 0.8945241570472717}, "stanford_cars": {"accuracy": 0.855988085269928, "loss": 0.48465847969055176}, "resisc45": {"accuracy": 0.9511111378669739, "loss": 0.19005613029003143}, "eurosat": {"accuracy": 0.9855555295944214, "loss": 0.058254506438970566}, "svhn": {"accuracy": 0.9728411436080933, "loss": 0.12476616352796555}, "gtsrb": {"accuracy": 0.9898654222488403, "loss": 0.05452902987599373}, "mnist": {"accuracy": 0.9959999918937683, "loss": 0.02694033272564411}, "dtd": {"accuracy": 0.818617045879364, "loss": 0.9392787218093872}, "average_accuracy": 0.9175445213913918}