{"model_info": {"trainable_params": 596744, "all_params": 539749640, "trainable_percentage": 0.0011055940676495866}, "sun397": {"accuracy": 0.7698236703872681, "loss": 0.9050883650779724}, "stanford_cars": {"accuracy": 0.854246973991394, "loss": 0.4878137409687042}, "resisc45": {"accuracy": 0.9528571367263794, "loss": 0.18281090259552002}, "eurosat": {"accuracy": 0.9833333492279053, "loss": 0.05868499353528023}, "svhn": {"accuracy": 0.970574676990509, "loss": 0.1340099424123764}, "gtsrb": {"accuracy": 0.9897862076759338, "loss": 0.054265815764665604}, "mnist": {"accuracy": 0.9968000054359436, "loss": 0.024479087442159653}, "dtd": {"accuracy": 0.8170212507247925, "loss": 0.9692527055740356}, "average_accuracy": 0.9168054088950157}