{"model_info": {"trainable_params": 596744, "all_params": 539749640, "trainable_percentage": 0.0011055940676495866}, "sun397": {"accuracy": 0.7737028002738953, "loss": 0.881148636341095}, "stanford_cars": {"accuracy": 0.8558636903762817, "loss": 0.483726441860199}, "resisc45": {"accuracy": 0.9520635008811951, "loss": 0.18390409648418427}, "eurosat": {"accuracy": 0.9877777695655823, "loss": 0.04991522058844566}, "svhn": {"accuracy": 0.9721112251281738, "loss": 0.13157013058662415}, "gtsrb": {"accuracy": 0.9893903136253357, "loss": 0.05771395191550255}, "mnist": {"accuracy": 0.9965999722480774, "loss": 0.024828553199768066}, "dtd": {"accuracy": 0.8234042525291443, "loss": 0.9002869725227356}, "average_accuracy": 0.9188641905784607}