{"model_info": {"trainable_params": 595206, "all_params": 428066310, "trainable_percentage": 0.001390452801576466}, "sun397": {"accuracy": 0.7467002272605896, "loss": 0.9618937373161316}, "stanford_cars": {"accuracy": 0.7704265713691711, "loss": 0.7818405628204346}, "resisc45": {"accuracy": 0.9331746101379395, "loss": 0.273038774728775}, "eurosat": {"accuracy": 0.4974074065685272, "loss": 1.8172622919082642}, "svhn": {"accuracy": 0.964236319065094, "loss": 0.14361001551151276}, "gtsrb": {"accuracy": 0.9845605492591858, "loss": 0.06162948161363602}, "mnist": {"accuracy": 0.738099992275238, "loss": 0.8805657029151917}, "dtd": {"accuracy": 0.7670212984085083, "loss": 1.2566043138504028}, "average_accuracy": 0.8002033717930317}