{"model_info": {"trainable_params": 595206, "all_params": 428066310, "trainable_percentage": 0.001390452801576466}, "sun397": {"accuracy": 0.744937002658844, "loss": 0.9822383522987366}, "stanford_cars": {"accuracy": 0.775152325630188, "loss": 0.794840931892395}, "resisc45": {"accuracy": 0.9382539391517639, "loss": 0.25853005051612854}, "eurosat": {"accuracy": 0.5040740966796875, "loss": 1.762906551361084}, "svhn": {"accuracy": 0.9647741317749023, "loss": 0.1379966288805008}, "gtsrb": {"accuracy": 0.9840063452720642, "loss": 0.05649615451693535}, "mnist": {"accuracy": 0.7135999798774719, "loss": 0.9398889541625977}, "dtd": {"accuracy": 0.7622340321540833, "loss": 1.413124442100525}, "average_accuracy": 0.7983789816498756}