{"model_info": {"trainable_params": 595206, "all_params": 428066310, "trainable_percentage": 0.001390452801576466}, "sun397": {"accuracy": 0.748765766620636, "loss": 0.9719833135604858}, "stanford_cars": {"accuracy": 0.7791319489479065, "loss": 0.7741490006446838}, "resisc45": {"accuracy": 0.9368253946304321, "loss": 0.24886098504066467}, "eurosat": {"accuracy": 0.39888888597488403, "loss": 2.2419052124023438}, "svhn": {"accuracy": 0.9692686200141907, "loss": 0.1256258338689804}, "gtsrb": {"accuracy": 0.988440215587616, "loss": 0.05246353521943092}, "mnist": {"accuracy": 0.7239999771118164, "loss": 0.926863968372345}, "dtd": {"accuracy": 0.778723418712616, "loss": 1.1641963720321655}, "average_accuracy": 0.7905055284500122}