{"model_info": {"trainable_params": 595206, "all_params": 428066310, "trainable_percentage": 0.001390452801576466}, "sun397": {"accuracy": 0.7475566864013672, "loss": 0.9691362380981445}, "stanford_cars": {"accuracy": 0.7684367895126343, "loss": 0.7741047739982605}, "resisc45": {"accuracy": 0.93365079164505, "loss": 0.2737653851509094}, "eurosat": {"accuracy": 0.4233333468437195, "loss": 2.263117551803589}, "svhn": {"accuracy": 0.9669637084007263, "loss": 0.1359182745218277}, "gtsrb": {"accuracy": 0.9880443215370178, "loss": 0.04929705709218979}, "mnist": {"accuracy": 0.713100016117096, "loss": 0.9622417688369751}, "dtd": {"accuracy": 0.7765957713127136, "loss": 1.1289056539535522}, "average_accuracy": 0.7897101789712906}