{"model_info": {"trainable_params": 85799424, "all_params": 85799424, "trainable_percentage": 1.0}, "sun397": {"accuracy": 0.6912342309951782, "loss": 1.0578596591949463}, "stanford-cars": {"accuracy": 0.7225469350814819, "loss": 0.790502667427063}, "resisc45": {"accuracy": 0.842380940914154, "loss": 0.4903620183467865}, "eurosat": {"accuracy": 0.9425926208496094, "loss": 0.17283028364181519}, "svhn": {"accuracy": 0.918677031993866, "loss": 0.33397674560546875}, "gtsrb": {"accuracy": 0.7821852564811707, "loss": 0.7277944684028625}, "mnist": {"accuracy": 0.954200029373169, "loss": 0.2441704124212265}, "dtd": {"accuracy": 0.5712766051292419, "loss": 1.48179292678833}, "oxford_flowers102": {"accuracy": 0.8064725995063782, "loss": 0.723463237285614}, "pcam": {"accuracy": 0.667510986328125, "loss": 0.6934629678726196}, "fer2013": {"accuracy": 0.6493452191352844, "loss": 0.9403541088104248}, "oxford-iiit-pet": {"accuracy": 0.9340419769287109, "loss": 0.1986820548772812}, "stl10": {"accuracy": 0.9801250100135803, "loss": 0.0642024427652359}, "cifar100": {"accuracy": 0.7612000107765198, "loss": 0.8533579111099243}, "cifar10": {"accuracy": 0.9589999914169312, "loss": 0.13066770136356354}, "food101": {"accuracy": 0.8808665871620178, "loss": 0.4262056350708008}, "fashion_mnist": {"accuracy": 0.8417999744415283, "loss": 0.42176157236099243}, "emnist_letters": {"accuracy": 0.3985576927661896, "loss": 2.2946908473968506}, "kmnist": {"accuracy": 0.40880000591278076, "loss": 1.6863586902618408}, "rendered-sst2": {"accuracy": 0.6342669129371643, "loss": 0.6227694153785706}, "average": {"accuracy": 0.767354030907154, "loss": 0.7177632883191108}}