model_name,mnist,fer2013,cifar10,stl10,oxford_flowers102,emnist_letters,sun397,stanford-cars,resisc45,eurosat,svhn,gtsrb,dtd,pcam,oxford-iiit-pet,cifar100,food101,fashion_mnist,kmnist,rendered-sst2
pretrained,0.48260000348091125,0.4125104546546936,0.8982999920845032,0.9712499976158142,0.6644982695579529,0.11975961178541183,0.631788432598114,0.5958214402198792,0.6026983857154846,0.44999998807907104,0.3162645995616913,0.3252573311328888,0.44202128052711487,0.606353759765625,0.8331970572471619,0.6371999979019165,0.8236435651779175,0.6301000118255615,0.09950000047683716,0.5864909291267395
finetuned,0.9958000183105469,0.7160769104957581,0.9760000109672546,0.9754999876022339,0.8855098485946655,0.9561538696289062,0.7486146092414856,0.7852256894111633,0.9514285922050476,0.9907407164573669,0.9726874828338623,0.989073634147644,0.7968084812164307,0.879608154296875,0.9245026111602783,0.8838000297546387,0.8840792179107666,0.9474999904632568,0.9822999835014343,0.7127951383590698
