model_name,mnist,fer2013,cifar10,stl10,oxford_flowers102,emnist_letters,sun397,stanford-cars,resisc45,eurosat,svhn,gtsrb,dtd,pcam,oxford-iiit-pet,cifar100,food101,fashion_mnist,kmnist,rendered-sst2
pretrained,0.7631000280380249,0.49958205223083496,0.9559000134468079,0.9936249852180481,0.7924866080284119,0.12341345846652985,0.6822166442871094,0.7786344885826111,0.7133333086967468,0.6118518710136414,0.5843192934989929,0.505225658416748,0.5553191304206848,0.512054443359375,0.9321340918540955,0.7505000233650208,0.9118019938468933,0.6696000099182129,0.09709999710321426,0.6891817450523376
finetuned,0.9976000189781189,0.7592644095420837,0.9912999868392944,0.9922500252723694,0.9767441749572754,0.954278826713562,0.8276070356369019,0.9277452826499939,0.973809540271759,0.9911110997200012,0.9792178869247437,0.9923990368843079,0.8547872304916382,0.91131591796875,0.9574816226959229,0.9300000071525574,0.9477227926254272,0.9527999758720398,0.9829999804496765,0.8045030236244202
