model_name,mnist,fer2013,cifar10,stl10,oxford_flowers102,emnist_letters,sun397,stanford-cars,resisc45,eurosat,svhn,gtsrb,dtd,pcam,oxford-iiit-pet,cifar100,food101,fashion_mnist,kmnist,rendered-sst2
pretrained,0.517300009727478,0.4639175236225128,0.9077000021934509,0.9825000166893005,0.7131240963935852,0.12437500059604645,0.6553652286529541,0.6468101143836975,0.6638095378875732,0.5411111116409302,0.5198985934257507,0.43452098965644836,0.44999998807907104,0.54022216796875,0.8844372034072876,0.6632999777793884,0.8701385855674744,0.6729999780654907,0.11209999769926071,0.6057111620903015
finetuned,0.996999979019165,0.7276400327682495,0.9828000068664551,0.9815000295639038,0.948772132396698,0.9528365135192871,0.7892191410064697,0.8589727878570557,0.9655555486679077,0.9900000095367432,0.9760679006576538,0.9898654222488403,0.8234042525291443,0.905548095703125,0.9449441432952881,0.8877999782562256,0.9186534881591797,0.9452999830245972,0.9810000061988831,0.7572762370109558
