{"model_info": {"trainable_params": 1057800, "all_params": 1915833352, "trainable_percentage": 0.0005521357057991128}, "sun397": {"accuracy": 0.8170781135559082, "loss": 0.7944598197937012}, "stanford_cars": {"accuracy": 0.9210297465324402, "loss": 0.32808974385261536}, "resisc45": {"accuracy": 0.9653968214988708, "loss": 0.14376097917556763}, "eurosat": {"accuracy": 0.9814814925193787, "loss": 0.07922638952732086}, "svhn": {"accuracy": 0.9763752222061157, "loss": 0.13451725244522095}, "gtsrb": {"accuracy": 0.9918448328971863, "loss": 0.04878213256597519}, "mnist": {"accuracy": 0.9961000084877014, "loss": 0.014242289587855339}, "dtd": {"accuracy": 0.8404255509376526, "loss": 0.879494309425354}, "average_accuracy": 0.9362164735794067}