{"model_info": {"trainable_params": 1057800, "all_params": 1915833352, "trainable_percentage": 0.0005521357057991128}, "sun397": {"accuracy": 0.8123929500579834, "loss": 0.8363425731658936}, "stanford_cars": {"accuracy": 0.9215271472930908, "loss": 0.3270639181137085}, "resisc45": {"accuracy": 0.9580952525138855, "loss": 0.17974881827831268}, "eurosat": {"accuracy": 0.984074056148529, "loss": 0.07653800398111343}, "svhn": {"accuracy": 0.9776428937911987, "loss": 0.12576861679553986}, "gtsrb": {"accuracy": 0.9933491945266724, "loss": 0.04380728676915169}, "mnist": {"accuracy": 0.9961000084877014, "loss": 0.013646373525261879}, "dtd": {"accuracy": 0.8202127814292908, "loss": 1.0456894636154175}, "average_accuracy": 0.932924285531044}