{"model_info": {"trainable_params": 1057800, "all_params": 1915833352, "trainable_percentage": 0.0005521357057991128}, "sun397": {"accuracy": 0.8174811005592346, "loss": 0.7978474497795105}, "stanford_cars": {"accuracy": 0.9227707982063293, "loss": 0.31371334195137024}, "resisc45": {"accuracy": 0.96317458152771, "loss": 0.15451975166797638}, "eurosat": {"accuracy": 0.9885185360908508, "loss": 0.05093129724264145}, "svhn": {"accuracy": 0.9750307202339172, "loss": 0.14133259654045105}, "gtsrb": {"accuracy": 0.9925574064254761, "loss": 0.04671211540699005}, "mnist": {"accuracy": 0.9965000152587891, "loss": 0.013080013915896416}, "dtd": {"accuracy": 0.839893639087677, "loss": 0.9517396092414856}, "average_accuracy": 0.936990849673748}