{"model_info": {"trainable_params": 1057800, "all_params": 1915833352, "trainable_percentage": 0.0005521357057991128}, "sun397": {"accuracy": 0.8161712884902954, "loss": 0.7978610396385193}, "stanford_cars": {"accuracy": 0.9258798360824585, "loss": 0.2974742352962494}, "resisc45": {"accuracy": 0.9595237970352173, "loss": 0.17065007984638214}, "eurosat": {"accuracy": 0.9844444394111633, "loss": 0.07230742275714874}, "svhn": {"accuracy": 0.9751843810081482, "loss": 0.1391940861940384}, "gtsrb": {"accuracy": 0.9934283494949341, "loss": 0.04424363747239113}, "mnist": {"accuracy": 0.9973999857902527, "loss": 0.011151990853250027}, "dtd": {"accuracy": 0.8372340202331543, "loss": 0.9692531824111938}, "average_accuracy": 0.936158262193203}