{"model_info": {"trainable_params": 1057800, "all_params": 1915833352, "trainable_percentage": 0.0005521357057991128}, "sun397": {"accuracy": 0.814811110496521, "loss": 0.8219035267829895}, "stanford_cars": {"accuracy": 0.9221490025520325, "loss": 0.3346416652202606}, "resisc45": {"accuracy": 0.959841251373291, "loss": 0.1740187406539917}, "eurosat": {"accuracy": 0.9800000190734863, "loss": 0.10658815503120422}, "svhn": {"accuracy": 0.9770282506942749, "loss": 0.13093721866607666}, "gtsrb": {"accuracy": 0.9912114143371582, "loss": 0.04230919107794762}, "mnist": {"accuracy": 0.9962000250816345, "loss": 0.015534034930169582}, "dtd": {"accuracy": 0.8393617272377014, "loss": 0.8953309655189514}, "average_accuracy": 0.9350753501057625}