{"model_info": {"trainable_params": 1057800, "all_params": 1915833352, "trainable_percentage": 0.0005521357057991128}, "sun397": {"accuracy": 0.8170781135559082, "loss": 0.8060242533683777}, "stanford_cars": {"accuracy": 0.9220246076583862, "loss": 0.3242007791996002}, "resisc45": {"accuracy": 0.9628571271896362, "loss": 0.16513030230998993}, "eurosat": {"accuracy": 0.9681481719017029, "loss": 0.18207211792469025}, "svhn": {"accuracy": 0.9722648859024048, "loss": 0.16934500634670258}, "gtsrb": {"accuracy": 0.9920823574066162, "loss": 0.05157993361353874}, "mnist": {"accuracy": 0.996399998664856, "loss": 0.013794917613267899}, "dtd": {"accuracy": 0.8436170220375061, "loss": 0.9325351715087891}, "average_accuracy": 0.9343090355396271}