{"model_info": {"trainable_params": 1057800, "all_params": 1915833352, "trainable_percentage": 0.0005521357057991128}, "sun397": {"accuracy": 0.8151637315750122, "loss": 0.7928984761238098}, "stanford_cars": {"accuracy": 0.9206566214561462, "loss": 0.30908578634262085}, "resisc45": {"accuracy": 0.960793673992157, "loss": 0.1652725636959076}, "eurosat": {"accuracy": 0.978518545627594, "loss": 0.10493099689483643}, "svhn": {"accuracy": 0.9772587418556213, "loss": 0.12374155223369598}, "gtsrb": {"accuracy": 0.9916073083877563, "loss": 0.03991406038403511}, "mnist": {"accuracy": 0.9958999752998352, "loss": 0.01453503966331482}, "dtd": {"accuracy": 0.8414893746376038, "loss": 0.875238835811615}, "average_accuracy": 0.9351734966039658}