{"model_info": {"trainable_params": 1057800, "all_params": 1915833352, "trainable_percentage": 0.0005521357057991128}, "sun397": {"accuracy": 0.7218136191368103, "loss": 0.9467565417289734}, "stanford_cars": {"accuracy": 0.8287526369094849, "loss": 0.49103081226348877}, "resisc45": {"accuracy": 0.8342857360839844, "loss": 0.5125690698623657}, "eurosat": {"accuracy": 0.902222216129303, "loss": 0.35487881302833557}, "svhn": {"accuracy": 0.806007981300354, "loss": 0.6207484006881714}, "gtsrb": {"accuracy": 0.724228024482727, "loss": 1.0002167224884033}, "mnist": {"accuracy": 0.9635999798774719, "loss": 0.2214515656232834}, "dtd": {"accuracy": 0.6180850863456726, "loss": 1.3405131101608276}, "average_accuracy": 0.799874410033226}