{"model_info": {"trainable_params": 1057800, "all_params": 1915833352, "trainable_percentage": 0.0005521357057991128}, "sun397": {"accuracy": 0.8159193992614746, "loss": 0.8165799975395203}, "stanford_cars": {"accuracy": 0.9212784767150879, "loss": 0.3231859505176544}, "resisc45": {"accuracy": 0.9595237970352173, "loss": 0.1687602549791336}, "eurosat": {"accuracy": 0.9814814925193787, "loss": 0.09569565951824188}, "svhn": {"accuracy": 0.9711508750915527, "loss": 0.15352396667003632}, "gtsrb": {"accuracy": 0.9930324554443359, "loss": 0.0396028533577919}, "mnist": {"accuracy": 0.9958000183105469, "loss": 0.014605479314923286}, "dtd": {"accuracy": 0.8446808457374573, "loss": 0.8800819516181946}, "average_accuracy": 0.9353584200143814}