{"model_info": {"trainable_params": 1057800, "all_params": 1915833352, "trainable_percentage": 0.0005521357057991128}, "sun397": {"accuracy": 0.807254433631897, "loss": 0.7475643754005432}, "stanford_cars": {"accuracy": 0.9071010947227478, "loss": 0.30970504879951477}, "resisc45": {"accuracy": 0.9515873193740845, "loss": 0.1821468025445938}, "eurosat": {"accuracy": 0.9725925922393799, "loss": 0.11395879089832306}, "svhn": {"accuracy": 0.9675399661064148, "loss": 0.16529713571071625}, "gtsrb": {"accuracy": 0.9855107069015503, "loss": 0.0574081726372242}, "mnist": {"accuracy": 0.9922000169754028, "loss": 0.030079662799835205}, "dtd": {"accuracy": 0.8409574627876282, "loss": 0.7315621972084045}, "average_accuracy": 0.9280929490923882}