{"model_info": {"trainable_params": 1057800, "all_params": 1915833352, "trainable_percentage": 0.0005521357057991128}, "sun397": {"accuracy": 0.813501238822937, "loss": 0.8204042315483093}, "stanford_cars": {"accuracy": 0.9233925938606262, "loss": 0.29119327664375305}, "resisc45": {"accuracy": 0.9588888883590698, "loss": 0.1718493402004242}, "eurosat": {"accuracy": 0.9870370626449585, "loss": 0.05908222496509552}, "svhn": {"accuracy": 0.9742240309715271, "loss": 0.1380527913570404}, "gtsrb": {"accuracy": 0.9931908249855042, "loss": 0.047266777604818344}, "mnist": {"accuracy": 0.9966999888420105, "loss": 0.011986138299107552}, "dtd": {"accuracy": 0.8414893746376038, "loss": 0.9161021113395691}, "average_accuracy": 0.9360530003905296}