{"model_info": {"trainable_params": 1057800, "all_params": 1915833352, "trainable_percentage": 0.0005521357057991128}, "sun397": {"accuracy": 0.8224181532859802, "loss": 0.7539747357368469}, "stanford_cars": {"accuracy": 0.9221490025520325, "loss": 0.32237181067466736}, "resisc45": {"accuracy": 0.9617460370063782, "loss": 0.15747204422950745}, "eurosat": {"accuracy": 0.9814814925193787, "loss": 0.08591592311859131}, "svhn": {"accuracy": 0.9750307202339172, "loss": 0.1543826311826706}, "gtsrb": {"accuracy": 0.9920031428337097, "loss": 0.048714395612478256}, "mnist": {"accuracy": 0.9951000213623047, "loss": 0.01792030595242977}, "dtd": {"accuracy": 0.848936140537262, "loss": 0.8862777948379517}, "average_accuracy": 0.9373580887913704}