{"model_info": {"trainable_params": 1057800, "all_params": 1915833352, "trainable_percentage": 0.0005521357057991128}, "sun397": {"accuracy": 0.8158690333366394, "loss": 0.7720407247543335}, "stanford_cars": {"accuracy": 0.9199104309082031, "loss": 0.30563536286354065}, "resisc45": {"accuracy": 0.9642857313156128, "loss": 0.14695137739181519}, "eurosat": {"accuracy": 0.9777777791023254, "loss": 0.10066557675600052}, "svhn": {"accuracy": 0.9741088151931763, "loss": 0.13756048679351807}, "gtsrb": {"accuracy": 0.9914489388465881, "loss": 0.05063354969024658}, "mnist": {"accuracy": 0.9952999949455261, "loss": 0.018201153725385666}, "dtd": {"accuracy": 0.8356382846832275, "loss": 0.8713502287864685}, "average_accuracy": 0.9342923760414124}