{"model_info": {"trainable_params": 1057800, "all_params": 1915833352, "trainable_percentage": 0.0005521357057991128}, "sun397": {"accuracy": 0.7549622058868408, "loss": 0.8945807814598083}, "stanford_cars": {"accuracy": 0.8577291369438171, "loss": 0.42614755034446716}, "resisc45": {"accuracy": 0.8974603414535522, "loss": 0.33987757563591003}, "eurosat": {"accuracy": 0.9629629850387573, "loss": 0.12903615832328796}, "svhn": {"accuracy": 0.9342347979545593, "loss": 0.3139388859272003}, "gtsrb": {"accuracy": 0.9696753621101379, "loss": 0.1356574296951294}, "mnist": {"accuracy": 0.9840999841690063, "loss": 0.07791487127542496}, "dtd": {"accuracy": 0.7505319118499756, "loss": 0.9832116365432739}, "average_accuracy": 0.8889570906758308}