{"model_info": {"trainable_params": 0, "all_params": 85799424, "trainable_percentage": 0.0}, "sun397": {"accuracy": 0.7061461210250854, "loss": 1.1532676219940186}, "stanford_cars": {"accuracy": 0.7995274066925049, "loss": 0.6076406836509705}, "resisc45": {"accuracy": 0.8653967976570129, "loss": 0.4994165003299713}, "eurosat": {"accuracy": 0.9355555772781372, "loss": 0.23631033301353455}, "svhn": {"accuracy": 0.9370390176773071, "loss": 0.26099693775177}, "gtsrb": {"accuracy": 0.9536817073822021, "loss": 0.17510707676410675}, "mnist": {"accuracy": 0.9815000295639038, "loss": 0.10446509718894958}, "dtd": {"accuracy": 0.6308510899543762, "loss": 1.5020763874053955}, "average_accuracy": 0.8512122184038162}