{"model_info": {"trainable_params": 85799424, "all_params": 85799424, "trainable_percentage": 1.0}, "sun397": {"accuracy": 0.687405526638031, "loss": 1.092908501625061}, "stanford_cars": {"accuracy": 0.6904613971710205, "loss": 0.8644411563873291}, "resisc45": {"accuracy": 0.7506349086761475, "loss": 0.7505521178245544}, "eurosat": {"accuracy": 0.8329629898071289, "loss": 0.557465136051178}, "svhn": {"accuracy": 0.7497695088386536, "loss": 0.8587108850479126}, "gtsrb": {"accuracy": 0.6257323622703552, "loss": 1.2358119487762451}, "mnist": {"accuracy": 0.9375, "loss": 0.40121716260910034}, "dtd": {"accuracy": 0.5117021203041077, "loss": 1.7805945873260498}, "average_accuracy": 0.7232711017131805}