{"model_info": {"trainable_params": 85799424, "all_params": 85799424, "trainable_percentage": 1.0}, "sun397": {"accuracy": 0.6880100965499878, "loss": 1.0788356065750122}, "stanford_cars": {"accuracy": 0.7104837894439697, "loss": 0.8202646970748901}, "resisc45": {"accuracy": 0.8095238208770752, "loss": 0.5742077827453613}, "eurosat": {"accuracy": 0.9388889074325562, "loss": 0.20803529024124146}, "svhn": {"accuracy": 0.7688997983932495, "loss": 0.8423109650611877}, "gtsrb": {"accuracy": 0.7448931336402893, "loss": 0.8903268575668335}, "mnist": {"accuracy": 0.8865000009536743, "loss": 0.6254363059997559}, "dtd": {"accuracy": 0.5202127695083618, "loss": 1.7348499298095703}, "average_accuracy": 0.7584265395998955}