{"model_info": {"trainable_params": 85799424, "all_params": 85799424, "trainable_percentage": 1.0}, "sun397": {"accuracy": 0.7120403051376343, "loss": 1.002466082572937}, "stanford_cars": {"accuracy": 0.7649546265602112, "loss": 0.6886294484138489}, "resisc45": {"accuracy": 0.8665079474449158, "loss": 0.4203018844127655}, "eurosat": {"accuracy": 0.9514814615249634, "loss": 0.1610875278711319}, "svhn": {"accuracy": 0.9406499862670898, "loss": 0.232958123087883}, "gtsrb": {"accuracy": 0.8657957315444946, "loss": 0.48560094833374023}, "mnist": {"accuracy": 0.9854000210762024, "loss": 0.08546285331249237}, "dtd": {"accuracy": 0.6398935914039612, "loss": 1.2542648315429688}, "average_accuracy": 0.8408404588699341}