{"model_info": {"trainable_params": 85799424, "all_params": 85799424, "trainable_percentage": 1.0}, "sun397": {"accuracy": 0.7065491080284119, "loss": 1.0540962219238281}, "stanford_cars": {"accuracy": 0.7123492360115051, "loss": 0.8184763193130493}, "resisc45": {"accuracy": 0.7988888621330261, "loss": 0.6236838102340698}, "eurosat": {"accuracy": 0.8751851916313171, "loss": 0.42393848299980164}, "svhn": {"accuracy": 0.8328595757484436, "loss": 0.5672874450683594}, "gtsrb": {"accuracy": 0.762866199016571, "loss": 0.853877604007721}, "mnist": {"accuracy": 0.9642999768257141, "loss": 0.18962399661540985}, "dtd": {"accuracy": 0.5547872185707092, "loss": 1.7074776887893677}, "average_accuracy": 0.7759731709957123}