{"model_info": {"trainable_params": 7160928, "all_params": 546313824, "trainable_percentage": 0.013107718833781515}, "sun397": {"accuracy": 0.7725440859794617, "loss": 0.8945856094360352}, "stanford_cars": {"accuracy": 0.8502673506736755, "loss": 0.510715126991272}, "resisc45": {"accuracy": 0.9484127163887024, "loss": 0.19650335609912872}, "eurosat": {"accuracy": 0.9837037324905396, "loss": 0.05551021546125412}, "svhn": {"accuracy": 0.9736093878746033, "loss": 0.128311887383461}, "gtsrb": {"accuracy": 0.9896278977394104, "loss": 0.058327462524175644}, "mnist": {"accuracy": 0.9965999722480774, "loss": 0.023157289251685143}, "dtd": {"accuracy": 0.8085106611251831, "loss": 1.032011866569519}, "average_accuracy": 0.9154094755649567}