{"model_info": {"trainable_params": 85799424, "all_params": 85799424, "trainable_percentage": 1.0}, "sun397": {"accuracy": 0.6553652286529541, "loss": 1.220529556274414}, "stanford_cars": {"accuracy": 0.6468101143836975, "loss": 1.0128710269927979}, "resisc45": {"accuracy": 0.6638095378875732, "loss": 1.1011823415756226}, "eurosat": {"accuracy": 0.5411111116409302, "loss": 1.3634113073349}, "svhn": {"accuracy": 0.5198985934257507, "loss": 1.7897833585739136}, "gtsrb": {"accuracy": 0.43452098965644836, "loss": 2.151589870452881}, "mnist": {"accuracy": 0.517300009727478, "loss": 1.818490982055664}, "dtd": {"accuracy": 0.44999998807907104, "loss": 1.9828152656555176}, "average_accuracy": 0.5536019466817379}