{"model_info": {"trainable_params": 85799424, "all_params": 85799424, "trainable_percentage": 1.0}, "sun397": {"accuracy": 0.6591435670852661, "loss": 1.2576249837875366}, "stanford_cars": {"accuracy": 0.6831240057945251, "loss": 0.9477196335792542}, "resisc45": {"accuracy": 0.7549206614494324, "loss": 0.8156514167785645}, "eurosat": {"accuracy": 0.8451851606369019, "loss": 0.4870362877845764}, "svhn": {"accuracy": 0.8887138962745667, "loss": 0.40411216020584106}, "gtsrb": {"accuracy": 0.819635808467865, "loss": 0.7147418856620789}, "mnist": {"accuracy": 0.9807999730110168, "loss": 0.1119103655219078}, "dtd": {"accuracy": 0.539893627166748, "loss": 1.8475161790847778}, "average_accuracy": 0.7714270874857903}