{"model_info": {"trainable_params": 87456000, "all_params": 87456000, "trainable_percentage": 1.0}, "sun397": {"accuracy": 0.693400502204895, "loss": 1.0928951501846313}, "stanford-cars": {"accuracy": 0.7048874497413635, "loss": 0.9482350945472717}, "resisc45": {"accuracy": 0.8673015832901001, "loss": 0.44376304745674133}, "eurosat": {"accuracy": 0.9611111283302307, "loss": 0.12194528430700302}, "svhn": {"accuracy": 0.9406883716583252, "loss": 0.21534423530101776}, "gtsrb": {"accuracy": 0.9043546915054321, "loss": 0.3448362648487091}, "mnist": {"accuracy": 0.9904999732971191, "loss": 0.04034598916769028}, "dtd": {"accuracy": 0.6867021322250366, "loss": 1.1639004945755005}, "average": {"accuracy": 0.8436182290315628, "loss": 0.5464081950485706}}