{"model_info": {"trainable_params": 87456000, "all_params": 87456000, "trainable_percentage": 1.0}, "sun397": {"accuracy": 0.6629219055175781, "loss": 1.1803194284439087}, "stanford-cars": {"accuracy": 0.6504166126251221, "loss": 1.0967919826507568}, "resisc45": {"accuracy": 0.7976190447807312, "loss": 0.6704297661781311}, "eurosat": {"accuracy": 0.9170370101928711, "loss": 0.2462809979915619}, "svhn": {"accuracy": 0.8704671263694763, "loss": 0.4525098502635956}, "gtsrb": {"accuracy": 0.736025333404541, "loss": 0.8782467246055603}, "mnist": {"accuracy": 0.9365000128746033, "loss": 0.23694728314876556}, "dtd": {"accuracy": 0.5840425491333008, "loss": 1.5096839666366577}, "oxford_flowers102": {"accuracy": 0.7246706485748291, "loss": 1.2488527297973633}, "pcam": {"accuracy": 0.71844482421875, "loss": 0.7034153342247009}, "fer2013": {"accuracy": 0.6351351141929626, "loss": 1.0884886980056763}, "oxford-iiit-pet": {"accuracy": 0.8920686841011047, "loss": 0.3510129451751709}, "stl10": {"accuracy": 0.9711250066757202, "loss": 0.09206880629062653}, "cifar100": {"accuracy": 0.725600004196167, "loss": 1.007218837738037}, "cifar10": {"accuracy": 0.946399986743927, "loss": 0.17399409413337708}, "food101": {"accuracy": 0.8306467533111572, "loss": 0.6916759014129639}, "fashion_mnist": {"accuracy": 0.8230000138282776, "loss": 0.604958713054657}, "emnist_letters": {"accuracy": 0.29576924443244934, "loss": 3.4994637966156006}, "kmnist": {"accuracy": 0.4343999922275543, "loss": 1.8146153688430786}, "rendered-sst2": {"accuracy": 0.6787479519844055, "loss": 0.6529245972633362}, "average": {"accuracy": 0.7415518909692764, "loss": 0.9099949911236763}}