{"model_info": {"trainable_params": 303179776, "all_params": 303179776, "trainable_percentage": 1.0}, "sun397": {"accuracy": 0.7722921967506409, "loss": 0.8005527257919312}, "stanford-cars": {"accuracy": 0.895535409450531, "loss": 0.33112603425979614}, "resisc45": {"accuracy": 0.9282539486885071, "loss": 0.22252894937992096}, "eurosat": {"accuracy": 0.9748148322105408, "loss": 0.07013723254203796}, "svhn": {"accuracy": 0.9691917896270752, "loss": 0.12578484416007996}, "gtsrb": {"accuracy": 0.963341236114502, "loss": 0.14803016185760498}, "mnist": {"accuracy": 0.9919999837875366, "loss": 0.028804369270801544}, "dtd": {"accuracy": 0.7840425372123718, "loss": 0.8170636296272278}, "average": {"accuracy": 0.9099339917302132, "loss": 0.31800349336117506}}