{"model_info": {"trainable_params": 303179776, "all_params": 303179776, "trainable_percentage": 1.0}, "sun397": {"accuracy": 0.7316876649856567, "loss": 0.9080924987792969}, "stanford-cars": {"accuracy": 0.8539982438087463, "loss": 0.4278240203857422}, "resisc45": {"accuracy": 0.880476176738739, "loss": 0.3691456913948059}, "eurosat": {"accuracy": 0.9596296548843384, "loss": 0.12401625514030457}, "svhn": {"accuracy": 0.9460663795471191, "loss": 0.2063174843788147}, "gtsrb": {"accuracy": 0.8824228048324585, "loss": 0.4550352394580841}, "mnist": {"accuracy": 0.9789000153541565, "loss": 0.0973484143614769}, "dtd": {"accuracy": 0.6776595711708069, "loss": 1.1257197856903076}, "oxford_flowers102": {"accuracy": 0.9255163669586182, "loss": 0.2757541239261627}, "pcam": {"accuracy": 0.799774169921875, "loss": 0.44053927063941956}, "fer2013": {"accuracy": 0.6815268993377686, "loss": 0.8710890412330627}, "oxford-iiit-pet": {"accuracy": 0.9593895077705383, "loss": 0.12823055684566498}, "stl10": {"accuracy": 0.9918749928474426, "loss": 0.026505567133426666}, "cifar100": {"accuracy": 0.8406999707221985, "loss": 0.5536413192749023}, "cifar10": {"accuracy": 0.9824000000953674, "loss": 0.05593075975775719}, "food101": {"accuracy": 0.9198384284973145, "loss": 0.28913843631744385}, "fashion_mnist": {"accuracy": 0.8883000016212463, "loss": 0.29753196239471436}, "emnist_letters": {"accuracy": 0.4646153748035431, "loss": 2.245441198348999}, "kmnist": {"accuracy": 0.4052000045776367, "loss": 1.6821401119232178}, "rendered-sst2": {"accuracy": 0.7029104828834534, "loss": 0.5615358352661133}, "average": {"accuracy": 0.8236443355679512, "loss": 0.5570488786324859}}