{"model_info": {"trainable_params": 596744, "all_params": 541406216, "trainable_percentage": 0.0011022112091893677}, "sun397": {"accuracy": 0.74372798204422, "loss": 0.984278678894043}, "stanford_cars": {"accuracy": 0.7632135152816772, "loss": 0.8057154417037964}, "resisc45": {"accuracy": 0.9274603128433228, "loss": 0.29095789790153503}, "eurosat": {"accuracy": 0.9792592525482178, "loss": 0.08283651620149612}, "svhn": {"accuracy": 0.9613936543464661, "loss": 0.15458610653877258}, "gtsrb": {"accuracy": 0.98646080493927, "loss": 0.05398529767990112}, "mnist": {"accuracy": 0.9955999851226807, "loss": 0.021547138690948486}, "dtd": {"accuracy": 0.7781915068626404, "loss": 1.150334119796753}, "average_accuracy": 0.8919133767485619}