{"model_info": {"trainable_params": 596744, "all_params": 541406216, "trainable_percentage": 0.0011022112091893677}, "sun397": {"accuracy": 0.7475566864013672, "loss": 0.9699928164482117}, "stanford_cars": {"accuracy": 0.7663226127624512, "loss": 0.7985991835594177}, "resisc45": {"accuracy": 0.9279364943504333, "loss": 0.27611497044563293}, "eurosat": {"accuracy": 0.9777777791023254, "loss": 0.08521609753370285}, "svhn": {"accuracy": 0.9635448455810547, "loss": 0.14830146729946136}, "gtsrb": {"accuracy": 0.9874109029769897, "loss": 0.05165490880608559}, "mnist": {"accuracy": 0.9952999949455261, "loss": 0.02080194465816021}, "dtd": {"accuracy": 0.7686170339584351, "loss": 1.2266706228256226}, "average_accuracy": 0.8918082937598228}