{"model_info": {"trainable_params": 596744, "all_params": 541406216, "trainable_percentage": 0.0011022112091893677}, "sun397": {"accuracy": 0.739596962928772, "loss": 0.9786314368247986}, "stanford_cars": {"accuracy": 0.7510259747505188, "loss": 0.823486864566803}, "resisc45": {"accuracy": 0.929206371307373, "loss": 0.29361358284950256}, "eurosat": {"accuracy": 0.9722222089767456, "loss": 0.1154688373208046}, "svhn": {"accuracy": 0.9613552689552307, "loss": 0.15533609688282013}, "gtsrb": {"accuracy": 0.9834520816802979, "loss": 0.06828346848487854}, "mnist": {"accuracy": 0.9943000078201294, "loss": 0.025188608095049858}, "dtd": {"accuracy": 0.7648935914039612, "loss": 1.1919296979904175}, "average_accuracy": 0.8870065584778786}