{"model_info": {"trainable_params": 596744, "all_params": 541406216, "trainable_percentage": 0.0011022112091893677}, "sun397": {"accuracy": 0.7447355389595032, "loss": 0.9806135296821594}, "stanford_cars": {"accuracy": 0.771048367023468, "loss": 0.7815371155738831}, "resisc45": {"accuracy": 0.9344444274902344, "loss": 0.26267144083976746}, "eurosat": {"accuracy": 0.9781481623649597, "loss": 0.09501931071281433}, "svhn": {"accuracy": 0.9616625905036926, "loss": 0.153680682182312}, "gtsrb": {"accuracy": 0.9885985851287842, "loss": 0.046912889927625656}, "mnist": {"accuracy": 0.9954000115394592, "loss": 0.019831987097859383}, "dtd": {"accuracy": 0.7781915068626404, "loss": 1.17397141456604}, "average_accuracy": 0.8940286487340927}