{"model_info": {"trainable_params": 596744, "all_params": 541406216, "trainable_percentage": 0.0011022112091893677}, "sun397": {"accuracy": 0.7404029965400696, "loss": 0.997887134552002}, "stanford_cars": {"accuracy": 0.7729138135910034, "loss": 0.787463366985321}, "resisc45": {"accuracy": 0.9317460060119629, "loss": 0.27104973793029785}, "eurosat": {"accuracy": 0.9655555486679077, "loss": 0.14335764944553375}, "svhn": {"accuracy": 0.9665411710739136, "loss": 0.13860933482646942}, "gtsrb": {"accuracy": 0.9849564433097839, "loss": 0.060709767043590546}, "mnist": {"accuracy": 0.9958999752998352, "loss": 0.01850578747689724}, "dtd": {"accuracy": 0.7781915068626404, "loss": 1.1207317113876343}, "average_accuracy": 0.8920259326696396}