{"model_info": {"trainable_params": 596744, "all_params": 541406216, "trainable_percentage": 0.0011022112091893677}, "sun397": {"accuracy": 0.7245844006538391, "loss": 1.006791591644287}, "stanford_cars": {"accuracy": 0.7087426781654358, "loss": 0.9388608932495117}, "resisc45": {"accuracy": 0.9109523892402649, "loss": 0.3569142818450928}, "eurosat": {"accuracy": 0.9581481218338013, "loss": 0.16484995186328888}, "svhn": {"accuracy": 0.9495236873626709, "loss": 0.1963130533695221}, "gtsrb": {"accuracy": 0.9673000574111938, "loss": 0.12235255539417267}, "mnist": {"accuracy": 0.993399977684021, "loss": 0.03081769496202469}, "dtd": {"accuracy": 0.73617023229599, "loss": 1.0995724201202393}, "average_accuracy": 0.8686026930809021}