{"model_info": {"trainable_params": 596744, "all_params": 541406216, "trainable_percentage": 0.0011022112091893677}, "sun397": {"accuracy": 0.7445340156555176, "loss": 0.9840773344039917}, "stanford_cars": {"accuracy": 0.771048367023468, "loss": 0.7966271638870239}, "resisc45": {"accuracy": 0.9273015856742859, "loss": 0.27629247307777405}, "eurosat": {"accuracy": 0.9781481623649597, "loss": 0.07990381866693497}, "svhn": {"accuracy": 0.9614704847335815, "loss": 0.1590464562177658}, "gtsrb": {"accuracy": 0.9852731823921204, "loss": 0.06129801273345947}, "mnist": {"accuracy": 0.9959999918937683, "loss": 0.01895114593207836}, "dtd": {"accuracy": 0.7718085050582886, "loss": 1.1919500827789307}, "average_accuracy": 0.8919480368494987}