{"model_info": {"trainable_params": 596744, "all_params": 541406216, "trainable_percentage": 0.0011022112091893677}, "sun397": {"accuracy": 0.6481612324714661, "loss": 1.216257929801941}, "stanford_cars": {"accuracy": 0.6024126410484314, "loss": 1.200875163078308}, "resisc45": {"accuracy": 0.6758730411529541, "loss": 1.068019151687622}, "eurosat": {"accuracy": 0.7259259223937988, "loss": 0.7675012350082397}, "svhn": {"accuracy": 0.6202750205993652, "loss": 1.304328203201294}, "gtsrb": {"accuracy": 0.46334123611450195, "loss": 1.7268989086151123}, "mnist": {"accuracy": 0.8331999778747559, "loss": 0.820687472820282}, "dtd": {"accuracy": 0.4835106432437897, "loss": 1.843880534172058}, "average_accuracy": 0.6315874643623829}