{"model_info": {"trainable_params": 596744, "all_params": 541406216, "trainable_percentage": 0.0011022112091893677}, "sun397": {"accuracy": 0.7444332242012024, "loss": 0.9896574020385742}, "stanford_cars": {"accuracy": 0.7680636644363403, "loss": 0.8049642443656921}, "resisc45": {"accuracy": 0.929206371307373, "loss": 0.2748231887817383}, "eurosat": {"accuracy": 0.9751851558685303, "loss": 0.10207812488079071}, "svhn": {"accuracy": 0.9645820260047913, "loss": 0.14750421047210693}, "gtsrb": {"accuracy": 0.9859066009521484, "loss": 0.05609878525137901}, "mnist": {"accuracy": 0.9957000017166138, "loss": 0.01919519528746605}, "dtd": {"accuracy": 0.7723404169082642, "loss": 1.1821296215057373}, "average_accuracy": 0.891927182674408}