{"model_info": {"trainable_params": 596744, "all_params": 541406216, "trainable_percentage": 0.0011022112091893677}, "sun397": {"accuracy": 0.7420151233673096, "loss": 0.9928587079048157}, "stanford_cars": {"accuracy": 0.7717945575714111, "loss": 0.7787982821464539}, "resisc45": {"accuracy": 0.9323809742927551, "loss": 0.26892149448394775}, "eurosat": {"accuracy": 0.9800000190734863, "loss": 0.08486602455377579}, "svhn": {"accuracy": 0.9626997709274292, "loss": 0.14997972548007965}, "gtsrb": {"accuracy": 0.9886777400970459, "loss": 0.04825691878795624}, "mnist": {"accuracy": 0.9955000281333923, "loss": 0.02002612315118313}, "dtd": {"accuracy": 0.7840425372123718, "loss": 1.1759713888168335}, "average_accuracy": 0.8946388438344002}