{"model_info": {"trainable_params": 596744, "all_params": 541406216, "trainable_percentage": 0.0011022112091893677}, "sun397": {"accuracy": 0.7447859048843384, "loss": 0.9844748377799988}, "stanford_cars": {"accuracy": 0.7694316506385803, "loss": 0.7872264981269836}, "resisc45": {"accuracy": 0.9328571557998657, "loss": 0.26035574078559875}, "eurosat": {"accuracy": 0.9811111092567444, "loss": 0.08377934247255325}, "svhn": {"accuracy": 0.9631223082542419, "loss": 0.15101899206638336}, "gtsrb": {"accuracy": 0.9859857559204102, "loss": 0.053880177438259125}, "mnist": {"accuracy": 0.9961000084877014, "loss": 0.018902020528912544}, "dtd": {"accuracy": 0.7696808576583862, "loss": 1.2479496002197266}, "average_accuracy": 0.8928843438625336}