{"model_info": {"trainable_params": 6152, "all_params": 540815624, "trainable_percentage": 1.1375411003288619e-05}, "sun397": {"accuracy": 0.7374811172485352, "loss": 0.9900530576705933}, "stanford_cars": {"accuracy": 0.7587364912033081, "loss": 0.8024428486824036}, "resisc45": {"accuracy": 0.9269841313362122, "loss": 0.2918171286582947}, "eurosat": {"accuracy": 0.9692592620849609, "loss": 0.1198793426156044}, "svhn": {"accuracy": 0.9568992257118225, "loss": 0.17152360081672668}, "gtsrb": {"accuracy": 0.978622317314148, "loss": 0.08682859688997269}, "mnist": {"accuracy": 0.9937999844551086, "loss": 0.02559254691004753}, "dtd": {"accuracy": 0.7696808576583862, "loss": 1.0898158550262451}, "average_accuracy": 0.8864329233765602}