{"model_info": {"trainable_params": 596744, "all_params": 541406216, "trainable_percentage": 0.0011022112091893677}, "sun397": {"accuracy": 0.7450881600379944, "loss": 0.982589066028595}, "stanford_cars": {"accuracy": 0.7763959765434265, "loss": 0.7828410267829895}, "resisc45": {"accuracy": 0.9339682459831238, "loss": 0.26173534989356995}, "eurosat": {"accuracy": 0.9744444489479065, "loss": 0.10252178460359573}, "svhn": {"accuracy": 0.9638137817382812, "loss": 0.14805127680301666}, "gtsrb": {"accuracy": 0.9856690168380737, "loss": 0.055656798183918}, "mnist": {"accuracy": 0.9955000281333923, "loss": 0.01831146702170372}, "dtd": {"accuracy": 0.7749999761581421, "loss": 1.1859384775161743}, "average_accuracy": 0.8937349542975426}