{"model_info": {"trainable_params": 596744, "all_params": 541406216, "trainable_percentage": 0.0011022112091893677}, "sun397": {"accuracy": 0.7385894060134888, "loss": 1.0161939859390259}, "stanford_cars": {"accuracy": 0.7699291110038757, "loss": 0.806410014629364}, "resisc45": {"accuracy": 0.9236508011817932, "loss": 0.2959176003932953}, "eurosat": {"accuracy": 0.9748148322105408, "loss": 0.09104986488819122}, "svhn": {"accuracy": 0.9652734994888306, "loss": 0.1429053097963333}, "gtsrb": {"accuracy": 0.9859066009521484, "loss": 0.05828741192817688}, "mnist": {"accuracy": 0.9958000183105469, "loss": 0.019274286925792694}, "dtd": {"accuracy": 0.7718085050582886, "loss": 1.2219829559326172}, "average_accuracy": 0.8907215967774391}