{"model_info": {"trainable_params": 593668, "all_params": 314726404, "trainable_percentage": 0.0018862986786453418}, "stanford_cars": {"accuracy": 0.7680636644363403, "loss": 0.7755675315856934}, "eurosat": {"accuracy": 0.8585185408592224, "loss": 0.8139064311981201}, "resisc45": {"accuracy": 0.936984121799469, "loss": 0.2628314793109894}, "gtsrb": {"accuracy": 0.949564516544342, "loss": 0.22012338042259216}, "average_accuracy": 0.8782827109098434}