{"model_info": {"trainable_params": 593668, "all_params": 314726404, "trainable_percentage": 0.0018862986786453418}, "stanford_cars": {"accuracy": 0.005471956450492144, "loss": 17.06989860534668}, "eurosat": {"accuracy": 0.23037037253379822, "loss": 8.089659690856934}, "resisc45": {"accuracy": 0.04476190358400345, "loss": 15.88952922821045}, "gtsrb": {"accuracy": 0.966587483882904, "loss": 0.1267174482345581}, "average_accuracy": 0.31179792911279947}