{"model_info": {"trainable_params": 593668, "all_params": 314726404, "trainable_percentage": 0.0018862986786453418}, "stanford_cars": {"accuracy": 0.730506181716919, "loss": 0.9629801511764526}, "eurosat": {"accuracy": 0.2285185158252716, "loss": 8.824923515319824}, "resisc45": {"accuracy": 0.9065079092979431, "loss": 0.3832531273365021}, "gtsrb": {"accuracy": 0.9594615697860718, "loss": 0.16046617925167084}, "average_accuracy": 0.7062485441565514}