{"model_info": {"trainable_params": 593668, "all_params": 314726404, "trainable_percentage": 0.0018862986786453418}, "stanford_cars": {"accuracy": 0.7378435730934143, "loss": 0.929632842540741}, "eurosat": {"accuracy": 0.12370370328426361, "loss": 13.606765747070312}, "resisc45": {"accuracy": 0.9074603319168091, "loss": 0.385206401348114}, "gtsrb": {"accuracy": 0.9191607236862183, "loss": 0.33625364303588867}, "average_accuracy": 0.6720420829951763}