{"model_info": {"trainable_params": 593668, "all_params": 314726404, "trainable_percentage": 0.0018862986786453418}, "stanford_cars": {"accuracy": 0.771421492099762, "loss": 0.7787123918533325}, "eurosat": {"accuracy": 0.7011111378669739, "loss": 3.1127076148986816}, "resisc45": {"accuracy": 0.932539701461792, "loss": 0.28841590881347656}, "gtsrb": {"accuracy": 0.9859066009521484, "loss": 0.05369941145181656}, "average_accuracy": 0.8477447330951691}