{"model_info": {"trainable_params": 593668, "all_params": 314726404, "trainable_percentage": 0.0018862986786453418}, "stanford_cars": {"accuracy": 0.7555030584335327, "loss": 0.8372736573219299}, "eurosat": {"accuracy": 0.15296296775341034, "loss": 13.695480346679688}, "resisc45": {"accuracy": 0.9169841408729553, "loss": 0.33838868141174316}, "gtsrb": {"accuracy": 0.8870150446891785, "loss": 0.5364115834236145}, "average_accuracy": 0.6781163029372692}