{"model_info": {"trainable_params": 593668, "all_params": 314726404, "trainable_percentage": 0.0018862986786453418}, "stanford_cars": {"accuracy": 0.7612237334251404, "loss": 0.8170447945594788}, "eurosat": {"accuracy": 0.7833333611488342, "loss": 1.905686616897583}, "resisc45": {"accuracy": 0.9360317587852478, "loss": 0.2564544975757599}, "gtsrb": {"accuracy": 0.9754552841186523, "loss": 0.10043182969093323}, "average_accuracy": 0.8640110343694687}